{"cameraMode":{"drawMode":0,"name":"Shaded","section":"Shading Mode"},"sceneLighting":true,"audioPlay":false,"sceneViewState":{"m_AlwaysRefresh":false,"showFog":true,"showSkybox":true,"showFlares":true,"showImageEffects":true,"showParticleSystems":true,"showVisualEffectGraphs":true,"m_FxEnabled":true},"in2DMode":false,"pivot":{"x":35.85001754760742,"y":-38.219947814941409,"z":46.63322448730469},"rotation":{"x":0.13131645321846009,"y":-0.8683089017868042,"z":0.3517550826072693,"w":0.32415667176246645},"size":54.983577728271487,"orthographic":false}